Type,Z-score,Original Count,Random Mean,Standard Deviation
Motif,2.5235730725761796,7,2.6,1.7435595774162693
Motif,2.0981989954220843,126,107.0,9.055385138137417
